{"You":{"name":"You","type":"person","x":26.973923633085292,"y":368.2001629954177,"index":0,"weight":25,"px":26.973923633085292,"py":368.2001629954177,"fixed":true},"Donald Trump":{"name":"Donald Trump","type":"person","x":1401.8101046652114,"y":391.7227652735033,"index":1,"weight":16,"px":1401.8101046652114,"py":391.7227652735033,"fixed":true},"Peter Thiel":{"name":"Peter Thiel","type":"person","x":1193.698080682141,"y":139.10672811642473,"index":2,"weight":7,"px":1193.698080682141,"py":139.10672811642473,"fixed":true},"Jared Kushner":{"name":"Jared Kushner","type":"person","x":1298.6952868308333,"y":190.4365256318378,"index":3,"weight":7,"px":1298.6952868308333,"py":190.4365256318378,"fixed":true},"Joshua Kushner":{"name":"Joshua Kushner","type":"person","x":1297.1871976334392,"y":97.17515587782225,"index":4,"weight":4,"px":1297.1871976334392,"py":97.17515587782225,"fixed":true},"Stephen Bannon":{"name":"Stephen Bannon","type":"person","x":1205.729565685982,"y":695.4953839787138,"index":5,"weight":2,"px":1205.729565685982,"py":695.4953839787138,"fixed":true},"Thrive Capital":{"name":"Thrive Capital","type":"organization","x":969.9794188424975,"y":163.79001607223307,"index":6,"weight":7,"px":969.9794188424975,"py":163.79001607223307,"fixed":true},"Facebook":{"name":"Facebook","type":"organization","x":182.94691663505284,"y":527.0330162871056,"index":7,"weight":6,"px":182.94691663505284,"py":527.0330162871056,"fixed":true},"Y Combinator":{"name":"Y Combinator","type":"organization","x":970.403665194781,"y":232.84909434893189,"index":8,"weight":3,"px":970.403665194781,"py":232.84909434893189,"fixed":true},"Kickstarter":{"name":"Kickstarter","type":"organization","x":735.2984644425331,"y":334.71425421352427,"index":9,"weight":4,"px":735.2984644425331,"py":334.71425421352427,"fixed":true},"Etsy":{"name":"Etsy","type":"organization","x":730.7067886962632,"y":263.53876798599595,"index":10,"weight":2,"px":730.7067886962632,"py":263.53876798599595,"fixed":true},"Kushner Properties":{"name":"Kushner Properties","type":"organization","x":975.9746100732405,"y":444.10987421159996,"index":11,"weight":2,"px":975.9746100732405,"py":444.10987421159996,"fixed":true},"Elon Musk":{"name":"Elon Musk","type":"person","x":1188.1683107782228,"y":52.6931427504619,"index":12,"weight":4,"px":1188.1683107782228,"py":52.6931427504619,"fixed":true},"SpaceX":{"name":"SpaceX","type":"organization","x":858.0326187915691,"y":649.4542123541884,"index":13,"weight":3,"px":858.0326187915691,"py":649.4542123541884,"fixed":true},"IRS":{"name":"IRS","type":"organization","x":763.3039249140948,"y":479.2003780632516,"index":14,"weight":4,"px":763.3039249140948,"py":479.2003780632516,"fixed":true},"Palantir":{"name":"Palantir","type":"organization","x":855.397281494335,"y":564.6188927571714,"index":15,"weight":3,"px":855.397281494335,"py":564.6188927571714,"fixed":true},"FBI":{"name":"FBI","type":"organization","x":851.670360874295,"y":478.27973214399833,"index":16,"weight":2,"px":851.670360874295,"py":478.27973214399833,"fixed":true},"Founders Fund":{"name":"Founders Fund","type":"organization","x":969.6697613507613,"y":302.1074749019455,"index":17,"weight":9,"px":969.6697613507613,"py":302.1074749019455,"fixed":true},"Airbnb":{"name":"Airbnb","type":"organization","x":202.43714519329785,"y":359.1182922425537,"index":18,"weight":3,"px":202.43714519329785,"py":359.1182922425537,"fixed":true},"Spotify":{"name":"Spotify","type":"organization","x":271.40820285892937,"y":525.6390382050263,"index":19,"weight":3,"px":271.40820285892937,"py":525.6390382050263,"fixed":true},"Stripe":{"name":"Stripe","type":"organization","x":452.5185672790128,"y":609.7336532290515,"index":20,"weight":5,"px":452.5185672790128,"py":609.7336532290515,"fixed":true},"Shopify":{"name":"Shopify","type":"organization","x":453.68502113393083,"y":678.893442259092,"index":21,"weight":4,"px":453.68502113393083,"py":678.893442259092,"fixed":true},"Breitbart":{"name":"Breitbart","type":"organization","x":581.1632823966838,"y":680.2551919679937,"index":22,"weight":5,"px":581.1632823966838,"py":680.2551919679937,"fixed":true},"Google":{"name":"Google","type":"organization","x":182.13961332601923,"y":607.2498875696728,"index":23,"weight":2,"px":182.13961332601923,"py":607.2498875696728,"fixed":true},"Tesla":{"name":"Tesla","type":"organization","x":464.72997444246346,"y":295.0776876934667,"index":24,"weight":2,"px":464.72997444246346,"py":295.0776876934667,"fixed":true},"Oscar Health":{"name":"Oscar Health","type":"organization","x":804.1318521607803,"y":192.5905630812952,"index":25,"weight":4,"px":804.1318521607803,"py":192.5905630812952,"fixed":true},"Instagram":{"name":"Instagram","type":"organization","x":176.94182553410496,"y":458.6834049232093,"index":26,"weight":3,"px":176.94182553410496,"py":458.6834049232093,"fixed":true},"Hot Potato":{"name":"Hot Potato","type":"organization","x":267.6933258732197,"y":458.3449572220825,"index":27,"weight":3,"px":267.6933258732197,"py":458.3449572220825,"fixed":true},"News Corp":{"name":"News Corp","type":"organization","x":577.7161844144061,"y":747.7402908269804,"index":28,"weight":4,"px":577.7161844144061,"py":747.7402908269804,"fixed":true},"AppNexus":{"name":"AppNexus","type":"organization","x":450.9190004298641,"y":743.0936166743703,"index":29,"weight":2,"px":450.9190004298641,"py":743.0936166743703,"fixed":true},"Rupert Murdoch":{"name":"Rupert Murdoch","type":"person","x":1202.8991448843642,"y":642.6512349135623,"index":30,"weight":3,"px":1202.8991448843642,"py":642.6512349135623,"fixed":true},"Elaine Chao":{"name":"Elaine Chao","type":"person","x":1203.0969339189032,"y":590.3812053329855,"index":31,"weight":2,"px":1203.0969339189032,"py":590.3812053329855,"fixed":true},"Travis Kalanick":{"name":"Travis Kalanick","type":"person","x":1193.5712846978327,"y":223.21733339883673,"index":32,"weight":2,"px":1193.5712846978327,"py":223.21733339883673,"fixed":true},"Uber":{"name":"Uber","type":"organization","x":201.48508701992898,"y":212.05796951480266,"index":33,"weight":3,"px":201.48508701992898,"py":212.05796951480266,"fixed":true},"21st Century Fox":{"name":"21st Century Fox","type":"organization","x":580.9137312696928,"y":610.0956733717472,"index":34,"weight":2,"px":580.9137312696928,"py":610.0956733717472,"fixed":true},"Amazon":{"name":"Amazon","type":"organization","x":300.71193360783445,"y":211.73208620613997,"index":35,"weight":5,"px":300.71193360783445,"py":211.73208620613997,"fixed":true},"Indra Nooyi":{"name":"Indra Nooyi","type":"person","x":1201.1698215975016,"y":399.6064513790157,"index":36,"weight":2,"px":1201.1698215975016,"py":399.6064513790157,"fixed":true},"PepsiCo":{"name":"PepsiCo","type":"organization","x":474.5479724811123,"y":374.6477848656338,"index":37,"weight":2,"px":474.5479724811123,"py":374.6477848656338,"fixed":true},"Doug McMillon":{"name":"Doug McMillon","type":"person","x":1201.0773775468351,"y":527.0746261029767,"index":38,"weight":2,"px":1201.0773775468351,"py":527.0746261029767,"fixed":true},"Walmart":{"name":"Walmart","type":"organization","x":520.3700226217192,"y":129.99909940964488,"index":39,"weight":4,"px":520.3700226217192,"py":129.99909940964488,"fixed":true},"Ginni Rometty":{"name":"Ginni Rometty","type":"person","x":1203.849741715531,"y":458.180435193006,"index":40,"weight":2,"px":1203.849741715531,"py":458.180435193006,"fixed":true},"IBM":{"name":"IBM","type":"organization","x":559.843159845655,"y":299.17602300338694,"index":41,"weight":2,"px":559.843159845655,"py":299.17602300338694,"fixed":true},"Mary Barra":{"name":"Mary Barra","type":"person","x":1190.5314901923161,"y":282.4537791965968,"index":42,"weight":2,"px":1190.5314901923161,"py":282.4537791965968,"fixed":true},"General Motors":{"name":"General Motors","type":"organization","x":377.6323093648858,"y":295.2637293767869,"index":43,"weight":3,"px":377.6323093648858,"py":295.2637293767869,"fixed":true},"Ivanka Trump":{"name":"Ivanka Trump","type":"person","x":1369.0834578989848,