{"You":{"name":"You","type":"person","x":26.973923633085292,"y":368.2001629954177,"index":0,"weight":25,"px":26.973923633085292,"py":368.2001629954177,"fixed":true},"Donald Trump":{"name":"Donald Trump","type":"person","x":1401.8101046652114,"y":391.7227652735033,"index":1,"weight":16,"px":1401.8101046652114,"py":391.7227652735033,"fixed":true},"Peter Thiel":{"name":"Peter Thiel","type":"person","x":1109.698080682141,"y":316.10672811642473,"index":2,"weight":7,"px":1109.698080682141,"py":316.10672811642473,"fixed":true},"Jared Kushner":{"name":"Jared Kushner","type":"person","x":1281.6952868308333,"y":257.4365256318378,"index":3,"weight":7,"px":1281.6952868308333,"py":257.4365256318378,"fixed":true},"Joshua Kushner":{"name":"Joshua Kushner","type":"person","x":1283.1871976334392,"y":134.17515587782225,"index":4,"weight":4,"px":1283.1871976334392,"py":134.17515587782225,"fixed":true},"Stephen Bannon":{"name":"Stephen Bannon","type":"person","x":1205.729565685982,"y":695.4953839787138,"index":5,"weight":2,"px":1205.729565685982,"py":695.4953839787138,"fixed":true},"Thrive Capital":{"name":"Thrive Capital","type":"organization","x":858.9794188424975,"y":99.79001607223307,"index":6,"weight":7,"px":858.9794188424975,"py":99.79001607223307,"fixed":true},"Facebook":{"name":"Facebook","type":"organization","x":200.94691663505284,"y":572.0330162871056,"index":7,"weight":6,"px":200.94691663505284,"py":572.0330162871056,"fixed":true},"Y Combinator":{"name":"Y Combinator","type":"organization","x":948.403665194781,"y":98.84909434893189,"index":8,"weight":3,"px":948.403665194781,"py":98.84909434893189,"fixed":true},"Kickstarter":{"name":"Kickstarter","type":"organization","x":667.2984644425331,"y":336.71425421352427,"index":9,"weight":4,"px":667.2984644425331,"py":336.71425421352427,"fixed":true},"Etsy":{"name":"Etsy","type":"organization","x":663.7067886962632,"y":264.53876798599595,"index":10,"weight":2,"px":663.7067886962632,"py":264.53876798599595,"fixed":true},"Kushner Properties":{"name":"Kushner Properties","type":"organization","x":1043.9746100732405,"y":434.10987421159996,"index":11,"weight":2,"px":1043.9746100732405,"py":434.10987421159996,"fixed":true},"Elon Musk":{"name":"Elon Musk","type":"person","x":1200.1683107782228,"y":317.6931427504619,"index":12,"weight":4,"px":1200.1683107782228,"py":317.6931427504619,"fixed":true},"SpaceX":{"name":"SpaceX","type":"organization","x":846.0326187915691,"y":313.45421235418837,"index":13,"weight":3,"px":846.0326187915691,"py":313.45421235418837,"fixed":true},"IRS":{"name":"IRS","type":"organization","x":739.3039249140948,"y":477.2003780632516,"index":14,"weight":4,"px":739.3039249140948,"py":477.2003780632516,"fixed":true},"Palantir":{"name":"Palantir","type":"organization","x":851.397281494335,"y":394.61889275717135,"index":15,"weight":3,"px":851.397281494335,"py":394.61889275717135,"fixed":true},"FBI":{"name":"FBI","type":"organization","x":852.670360874295,"y":478.27973214399833,"index":16,"weight":2,"px":852.670360874295,"py":478.27973214399833,"fixed":true},"Founders Fund":{"name":"Founders Fund","type":"organization","x":1040.6697613507613,"y":104.10747490194552,"index":17,"weight":9,"px":1040.6697613507613,"py":104.10747490194552,"fixed":true},"Airbnb":{"name":"Airbnb","type":"organization","x":197.43714519329785,"y":408.1182922425537,"index":18,"weight":3,"px":197.43714519329785,"py":408.1182922425537,"fixed":true},"Spotify":{"name":"Spotify","type":"organization","x":197.40820285892937,"y":492.6390382050263,"index":19,"weight":3,"px":197.40820285892937,"py":492.6390382050263,"fixed":true},"Stripe":{"name":"Stripe","type":"organization","x":476.5185672790128,"y":720.7336532290515,"index":20,"weight":5,"px":476.5185672790128,"py":720.7336532290515,"fixed":true},"Shopify":{"name":"Shopify","type":"organization","x":408.68502113393083,"y":640.893442259092,"index":21,"weight":4,"px":408.68502113393083,"py":640.893442259092,"fixed":true},"Breitbart":{"name":"Breitbart","type":"organization","x":661.1632823966838,"y":657.2551919679937,"index":22,"weight":5,"px":661.1632823966838,"py":657.2551919679937,"fixed":true},"Google":{"name":"Google","type":"organization","x":300.13961332601923,"y":638.2498875696728,"index":23,"weight":2,"px":300.13961332601923,"py":638.2498875696728,"fixed":true},"Tesla":{"name":"Tesla","type":"organization","x":419.72997444246346,"y":398.0776876934667,"index":24,"weight":2,"px":419.72997444246346,"py":398.0776876934667,"fixed":true},"Oscar Health":{"name":"Oscar Health","type":"organization","x":733.1318521607803,"y":188.5905630812952,"index":25,"weight":4,"px":733.1318521607803,"py":188.5905630812952,"fixed":true},"Instagram":{"name":"Instagram","type":"organization","x":119.94182553410496,"y":571.6834049232093,"index":26,"weight":3,"px":119.94182553410496,"py":571.6834049232093,"fixed":true},"Hot Potato":{"name":"Hot Potato","type":"organization","x":116.69332587321969,"y":496.3449572220825,"index":27,"weight":3,"px":116.69332587321969,"py":496.3449572220825,"fixed":true},"News Corp":{"name":"News Corp","type":"organization","x":660.7161844144061,"y":727.7402908269804,"index":28,"weight":4,"px":660.7161844144061,"py":727.7402908269804,"fixed":true},"AppNexus":{"name":"AppNexus","type":"organization","x":581.9190004298641,"y":725.0936166743703,"index":29,"weight":2,"px":581.9190004298641,"py":725.0936166743703,"fixed":true},"Rupert Murdoch":{"name":"Rupert Murdoch","type":"person","x":1202.8991448843642,"y":642.6512349135623,"index":30,"weight":3,"px":1202.8991448843642,"py":642.6512349135623,"fixed":true},"Elaine Chao":{"name":"Elaine Chao","type":"person","x":1203.0969339189032,"y":590.3812053329855,"index":31,"weight":2,"px":1203.0969339189032,"py":590.3812053329855,"fixed":true},"Travis Kalanick":{"name":"Travis Kalanick","type":"person","x":1202.5712846978327,"y":396.2173333988367,"index":32,"weight":2,"px":1202.5712846978327,"py":396.2173333988367,"fixed":true},"Uber":{"name":"Uber","type":"organization","x":196.48508701992898,"y":261.05796951480266,"index":33,"weight":3,"px":196.48508701992898,"py":261.05796951480266,"fixed":true},"21st Century Fox":{"name":"21st Century Fox","type":"organization","x":659.9137312696928,"y":589.0956733717472,"index":34,"weight":2,"px":659.9137312696928,"py":589.0956733717472,"fixed":true},"Amazon":{"name":"Amazon","type":"organization","x":298.71193360783445,"y":190.73208620613997,"index":35,"weight":5,"px":298.71193360783445,"py":190.73208620613997,"fixed":true},"Indra Nooyi":{"name":"Indra Nooyi","type":"person","x":1277.1698215975016,"y":400.6064513790157,"index":36,"weight":2,"px":1277.1698215975016,"py":400.6064513790157,"fixed":true},"PepsiCo":{"name":"PepsiCo","type":"organization","x":496.5479724811123,"y":329.6477848656338,"index":37,"weight":2,"px":496.5479724811123,"py":329.6477848656338,"fixed":true},"Doug McMillon":{"name":"Doug McMillon","type":"person","x":1201.0773775468351,"y":527.0746261029767,"index":38,"weight":2,"px":1201.0773775468351,"py":527.0746261029767,"fixed":true},"Walmart":{"name":"Walmart","type":"organization","x":540.3700226217192,"y":184.99909940964488,"index":39,"weight":4,"px":540.3700226217192,"py":184.99909940964488,"fixed":true},"Ginni Rometty":{"name":"Ginni Rometty","type":"person","x":1203.849741715531,"y":458.180435193006,"index":40,"weight":2,"px":1203.849741715531,"py":458.180435193006,"fixed":true},"IBM":{"name":"IBM","type":"organization","x":498.843159845655,"y":399.17602300338694,"index":41,"weight":2,"px":498.843159845655,"py":399.17602300338694,"fixed":true},"Mary Barra":{"name":"Mary Barra","type":"person","x":1278.5314901923161,"y":528.4537791965968,"index":42,"weight":2,"px":1278.5314901923161,"py":528.4537791965968,"fixed":true},"General Motors":{"name":"General Motors","type":"organization","x":421.6323093648858,"y":331.2637293767869,"index":43,"weight":3,"px":421.6323093648858,"py":331.2637293767869,"fixed":true},"Ivanka Trump":{"name":"Ivanka Trump","type":"person",