{"You":{"name":"You","type":"person","x":26.973923633085292,"y":368.2001629954177,"index":0,"weight":25,"px":26.973923633085292,"py":368.2001629954177,"fixed":true},"Donald Trump":{"name":"Donald Trump","type":"person","x":1401.8101046652114,"y":391.7227652735033,"index":1,"weight":16,"px":1401.8101046652114,"py":391.7227652735033,"fixed":true},"Peter Thiel":{"name":"Peter Thiel","type":"person","x":1118.7992769712034,"y":312.06171468869036,"index":2,"weight":7,"px":1118.7992769712034,"py":312.06171468869036,"fixed":true},"Jared Kushner":{"name":"Jared Kushner","type":"person","x":1281.6952868308333,"y":257.4365256318378,"index":3,"weight":7,"px":1281.6952868308333,"py":257.4365256318378,"fixed":true},"Joshua Kushner":{"name":"Joshua Kushner","type":"person","x":1283.1871976334392,"y":134.17515587782225,"index":4,"weight":4,"px":1283.1871976334392,"py":134.17515587782225,"fixed":true},"Stephen Bannon":{"name":"Stephen Bannon","type":"person","x":1221.9093752562944,"y":460.8864972599638,"index":5,"weight":2,"px":1221.9093752562944,"py":460.8864972599638,"fixed":true},"Thrive Capital":{"name":"Thrive Capital","type":"organization","x":858.9794188424975,"y":99.79001607223307,"index":6,"weight":7,"px":858.9794188424975,"py":99.79001607223307,"fixed":true},"Facebook":{"name":"Facebook","type":"organization","x":200.94691663505284,"y":572.0330162871056,"index":7,"weight":6,"px":200.94691663505284,"py":572.0330162871056,"fixed":true},"Y Combinator":{"name":"Y Combinator","type":"organization","x":948.403665194781,"y":98.84909434893189,"index":8,"weight":3,"px":948.403665194781,"py":98.84909434893189,"fixed":true},"Kickstarter":{"name":"Kickstarter","type":"organization","x":667.2984644425331,"y":336.71425421352427,"index":9,"weight":4,"px":667.2984644425331,"py":336.71425421352427,"fixed":true},"Etsy":{"name":"Etsy","type":"organization","x":663.7067886962632,"y":264.53876798599595,"index":10,"weight":2,"px":663.7067886962632,"py":264.53876798599595,"fixed":true},"Kushner Properties":{"name":"Kushner Properties","type":"organization","x":987.3447882958967,"y":233.88322015886558,"index":11,"weight":2,"px":987.3447882958967,"py":233.88322015886558,"fixed":true},"Elon Musk":{"name":"Elon Musk","type":"person","x":1223.4269777704103,"y":311.6256683852275,"index":12,"weight":4,"px":1223.4269777704103,"py":311.6256683852275,"fixed":true},"SpaceX":{"name":"SpaceX","type":"organization","x":790.4141495532879,"y":314.46544282293837,"index":13,"weight":3,"px":790.4141495532879,"py":314.46544282293837,"fixed":true},"IRS":{"name":"IRS","type":"organization","x":665.4830630976885,"y":468.0991817741891,"index":14,"weight":4,"px":665.4830630976885,"py":468.0991817741891,"fixed":true},"Palantir":{"name":"Palantir","type":"organization","x":794.7675207521474,"y":395.63012322592135,"index":15,"weight":3,"px":794.7675207521474,"py":395.63012322592135,"fixed":true},"FBI":{"name":"FBI","type":"organization","x":788.9619258157013,"y":471.20099679243583,"index":16,"weight":2,"px":788.9619258157013,"py":471.20099679243583,"fixed":true},"Founders Fund":{"name":"Founders Fund","type":"organization","x":1040.6697613507613,"y":104.10747490194552,"index":17,"weight":9,"px":1040.6697613507613,"py":104.10747490194552,"fixed":true},"Airbnb":{"name":"Airbnb","type":"organization","x":197.43714519329785,"y":408.1182922425537,"index":18,"weight":3,"px":197.43714519329785,"py":408.1182922425537,"fixed":true},"Spotify":{"name":"Spotify","type":"organization","x":197.40820285892937,"y":492.6390382050263,"index":19,"weight":3,"px":197.40820285892937,"py":492.6390382050263,"fixed":true},"Stripe":{"name":"Stripe","type":"organization","x":476.5185672790128,"y":720.7336532290515,"index":20,"weight":5,"px":476.5185672790128,"py":720.7336532290515,"fixed":true},"Shopify":{"name":"Shopify","type":"organization","x":408.68502113393083,"y":640.893442259092,"index":21,"weight":4,"px":408.68502113393083,"py":640.893442259092,"fixed":true},"Breitbart":{"name":"Breitbart","type":"organization","x":661.1632823966838,"y":657.2551919679937,"index":22,"weight":5,"px":661.1632823966838,"py":657.2551919679937,"fixed":true},"Google":{"name":"Google","type":"organization","x":300.13961332601923,"y":638.2498875696728,"index":23,"weight":2,"px":300.13961332601923,"py":638.2498875696728,"fixed":true},"Tesla":{"name":"Tesla","type":"organization","x":419.72997444246346,"y":398.0776876934667,"index":24,"weight":2,"px":419.72997444246346,"py":398.0776876934667,"fixed":true},"Oscar Health":{"name":"Oscar Health","type":"organization","x":733.1318521607803,"y":188.5905630812952,"index":25,"weight":4,"px":733.1318521607803,"py":188.5905630812952,"fixed":true},"Instagram":{"name":"Instagram","type":"organization","x":119.94182553410496,"y":571.6834049232093,"index":26,"weight":3,"px":119.94182553410496,"py":571.6834049232093,"fixed":true},"Hot Potato":{"name":"Hot Potato","type":"organization","x":116.69332587321969,"y":496.3449572220825,"index":27,"weight":3,"px":116.69332587321969,"py":496.3449572220825,"fixed":true},"News Corp":{"name":"News Corp","type":"organization","x":660.7161844144061,"y":727.7402908269804,"index":28,"weight":4,"px":660.7161844144061,"py":727.7402908269804,"fixed":true},"AppNexus":{"name":"AppNexus","type":"organization","x":581.9190004298641,"y":725.0936166743703,"index":29,"weight":2,"px":581.9190004298641,"py":725.0936166743703,"fixed":true},"Rupert Murdoch":{"name":"Rupert Murdoch","type":"person","x":1114.9209954703017,"y":460.6269124037967,"index":30,"weight":3,"px":1114.9209954703017,"py":460.6269124037967,"fixed":true},"Elaine Chao":{"name":"Elaine Chao","type":"person","x":1220.2882180985907,"y":389.143290293923,"index":31,"weight":2,"px":1220.2882180985907,"py":389.143290293923,"fixed":true},"Travis Kalanick":{"name":"Travis Kalanick","type":"person","x":895.1525835259577,"y":470.03834780313355,"index":32,"weight":2,"px":895.1525835259577,"py":470.03834780313355,"fixed":true},"Uber":{"name":"Uber","type":"organization","x":196.48508701992898,"y":261.05796951480266,"index":33,"weight":3,"px":196.48508701992898,"py":261.05796951480266,"fixed":true},"21st Century Fox":{"name":"21st Century Fox","type":"organization","x":659.9137312696928,"y":589.0956733717472,"index":34,"weight":2,"px":659.9137312696928,"py":589.0956733717472,"fixed":true},"Amazon":{"name":"Amazon","type":"organization","x":298.71193360783445,"y":190.73208620613997,"index":35,"weight":5,"px":298.71193360783445,"py":190.73208620613997,"fixed":true},"Indra Nooyi":{"name":"Indra Nooyi","type":"person","x":899.9751194490641,"y":683.7551940547969,"index":36,"weight":2,"px":899.9751194490641,"py":683.7551940547969,"fixed":true},"PepsiCo":{"name":"PepsiCo","type":"organization","x":496.5479724811123,"y":329.6477848656338,"index":37,"weight":2,"px":496.5479724811123,"py":329.6477848656338,"fixed":true},"Doug McMillon":{"name":"Doug McMillon","type":"person","x":900.7371675858976,"y":632.2440596967267,"index":38,"weight":2,"px":900.7371675858976,"py":632.2440596967267,"fixed":true},"Walmart":{"name":"Walmart","type":"organization","x":540.3700226217192,"y":184.99909940964488,"index":39,"weight":4,"px":540.3700226217192,"py":184.99909940964488,"fixed":true},"Ginni Rometty":{"name":"Ginni Rometty","type":"person","x":899.4648540202186,"y":580.5410919312873,"index":40,"weight":2,"px":899.4648540202186,"py":580.5410919312873,"fixed":true},"IBM":{"name":"IBM","type":"organization","x":498.843159845655,"y":399.17602300338694,"index":41,"weight":2,"px":498.843159845655,"py":399.17602300338694,"fixed":true},"Mary Barra":{"name":"Mary Barra","type":"person","x":898.3032187079411,"y":738.7930125950343,"index":42,"weight":2,"px":898.3032187079411,"py":738.7930125950343,"fixed":true},"General Motors":{"name":"General Motors","type":"organization","x":421.6323093648858,"y":331.2637293767869,"index":43,"weight":3,"px":421.6323093648858,"py":331.2637293767869,"fixed":true},"Ivanka Trump":{"name":"Ivanka Trump","type":"person",